From,To,Subject,Time,noofattachments,noofattachments_downloaded
"""'GST Revenue Accounting' via Yatra Gst"" <yatra.gst@yatra.com>",YATRA.GST@yatra.com,Your GST Invoice I070000019190639 for 07AABCH3165P2Z8 | DELHI | 19-MAY-24.,2024-05-20 05:03:27 IST,1,1
"""'GST Revenue Accounting' via Yatra Gst"" <yatra.gst@yatra.com>",YATRA.GST@yatra.com,Your GST Invoice I070000019190636 for 07AABCH3165P2Z8 | DELHI | 19-MAY-24.,2024-05-20 05:03:17 IST,1,1
"""'GST Revenue Accounting' via Yatra Gst"" <yatra.gst@yatra.com>",YATRA.GST@yatra.com,Your GST Invoice I070000019190635 for 07AABCH3165P2Z8 | DELHI | 19-MAY-24.,2024-05-20 05:03:14 IST,1,1
"""'GST Revenue Accounting' via Yatra Gst"" <yatra.gst@yatra.com>",YATRA.GST@yatra.com,Your GST Invoice I070000019190621 for 07AADCH7426B1ZW | DELHI | 19-MAY-24.,2024-05-20 05:02:33 IST,1,1
"""'GST Revenue Accounting' via JubilantGST"" <JubilantGST@yatra.com>",JUBILANTGST@yatra.com,Your GST Invoice I070000019190619 for 06AADCC4657M2ZC | DELHI | 19-MAY-24.,2024-05-20 05:02:26 IST,1,1
"""'GST Revenue Accounting' via JubilantGST"" <JubilantGST@yatra.com>",JUBILANTGST@yatra.com,Your GST Invoice I070000019190618 for 06AADCC4657M2ZC | DELHI | 19-MAY-24.,2024-05-20 05:02:23 IST,1,1
"""'GST Revenue Accounting' via Yatra Gst"" <yatra.gst@yatra.com>",YATRA.GST@yatra.com,Your GST Invoice I070000019190617 for 07AABCH3165P2Z8 | DELHI | 19-MAY-24.,2024-05-20 05:02:19 IST,1,1
"""'GST Revenue Accounting' via JubilantGST"" <JubilantGST@yatra.com>",JUBILANTGST@yatra.com,Your GST Invoice I070000019190608 for 06AADCC4657M2ZC | DELHI | 19-MAY-24.,2024-05-20 05:01:52 IST,1,1
"""'GST Revenue Accounting' via Techmahindra Gst"" <techmahindra.gst@yatra.com>",TECHMAHINDRA.GST@yatra.com,Your GST Invoice I070000019190590 for 09AAACM3484F1ZG | DELHI | 19-MAY-24.,2024-05-20 05:01:04 IST,1,1
"""'GST Revenue Accounting' via GreenkoGST"" <GreenkoGST@yatra.com>",GREENKOGST@yatra.com,Your GST Invoice I070000019190423 for 08AAICG7055N1Z0 | DELHI | 19-MAY-24.,2024-05-20 04:55:04 IST,1,1
"""'GST Revenue Accounting' via GreenkoGST"" <GreenkoGST@yatra.com>",GREENKOGST@yatra.com,Your GST Invoice I070000019190422 for 29AAICG2691J1Z4 | DELHI | 19-MAY-24.,2024-05-20 04:55:01 IST,1,1
"""'GST Revenue Accounting' via GreenkoGST"" <GreenkoGST@yatra.com>",GREENKOGST@yatra.com,Your GST Invoice I070000019190421 for 24AADCT9493Q1ZE | DELHI | 19-MAY-24.,2024-05-20 04:54:57 IST,1,1
"""'GST Revenue Accounting' via Yatra Gst"" <yatra.gst@yatra.com>",YATRA.GST@yatra.com,Your GST Invoice I070000019190420 for 36AADCM3491M1Z2 | DELHI | 19-MAY-24.,2024-05-20 04:54:54 IST,1,1
"""'GST Revenue Accounting' via Yatra Gst"" <yatra.gst@yatra.com>",YATRA.GST@yatra.com,Your GST Invoice I070000019190057 for 29AABCT0596J2ZX | DELHI | 19-MAY-24.,2024-05-20 04:42:03 IST,1,1
"""'GST Revenue Accounting' via Yatra Gst"" <yatra.gst@yatra.com>",TRAVELADMIN@renewpower.in,Your GST Invoice I070000019188745 for 06AAFCR1111D1Z4 | DELHI | 19-MAY-24.,2024-05-20 04:28:16 IST,1,1
"""'GST Revenue Accounting' via Yatra Gst"" <yatra.gst@yatra.com>",BPCL.GST@yatra.com,Your GST Invoice I070000019188726 for 27AAACB2902M1ZT | DELHI | 19-MAY-24.,2024-05-20 04:27:21 IST,1,1
"""'GST Revenue Accounting' via Yatra Gst"" <yatra.gst@yatra.com>",YATRA.GST@yatra.com,Your GST Invoice I070000019188727 for 06AAACW1336L1ZC | DELHI | 19-MAY-24.,2024-05-20 04:27:25 IST,1,1
"""'GST Revenue Accounting' via Yatra Gst"" <yatra.gst@yatra.com>",TRAVELADMIN@renewpower.in,Your GST Invoice I070000019188717 for 06AAFCR1111D1Z4 | DELHI | 19-MAY-24.,2024-05-20 04:26:50 IST,1,1
"""'GST Revenue Accounting' via Yatra Gst"" <yatra.gst@yatra.com>",YATRA.GST@yatra.com,Your GST Invoice I070000019188201 for 27AANCS4967N1ZC | DELHI | 19-MAY-24.,2024-05-20 04:15:51 IST,1,1
"""'GST Revenue Accounting' via Yatra Gst"" <yatra.gst@yatra.com>",BPCL.GST@yatra.com,Your GST Invoice I070000019188188 for 27AAACB2902M1ZT | DELHI | 19-MAY-24.,2024-05-20 04:15:06 IST,1,1
"""'GST Revenue Accounting' via Yatra Gst"" <yatra.gst@yatra.com>",TRAVELADMIN@renewpower.in,Your GST Invoice I070000019187467 for 06AAFCR1111D1Z4 | DELHI | 19-MAY-24.,2024-05-20 03:55:55 IST,1,1
"""'GST Revenue Accounting' via Yatra Gst"" <yatra.gst@yatra.com>",TRAVELADMIN@renewpower.in,Your GST Invoice I070000019187455 for 06AAFCR1111D1Z4 | DELHI | 19-MAY-24.,2024-05-20 03:55:17 IST,1,1
"""'GST Revenue Accounting' via Yatra Gst"" <yatra.gst@yatra.com>",TRAVELADMIN@renewpower.in,Your GST Invoice I070000019187440 for 06AAFCR1111D1Z4 | DELHI | 19-MAY-24.,2024-05-20 03:54:26 IST,1,1
"""'GST Revenue Accounting' via Yatra Gst"" <yatra.gst@yatra.com>",BPCL.GST@yatra.com,Your GST Invoice I070000019186339 for 23AAACB2902M1Z1 | DELHI | 19-MAY-24.,2024-05-20 03:26:20 IST,1,1
"""'GST Revenue Accounting' via Yatra Gst"" <yatra.gst@yatra.com>",YATRA.GST@yatra.com,Your GST Invoice I070000019186340 for 06AAACW1336L1ZC | DELHI | 19-MAY-24.,2024-05-20 03:26:23 IST,1,1
"""'GST Revenue Accounting' via Yatra Gst"" <yatra.gst@yatra.com>",YATRA.GST@yatra.com,Your GST Invoice I070000019186332 for 27AAACZ0243R1ZX | DELHI | 19-MAY-24.,2024-05-20 03:25:56 IST,1,1
"""'GST Revenue Accounting' via Yatra Gst"" <yatra.gst@yatra.com>",YATRA.GST@yatra.com,Your GST Invoice I070000019186326 for 27AAACZ0243R1ZX | DELHI | 19-MAY-24.,2024-05-20 03:25:35 IST,1,1
"""'GST Revenue Accounting' via Yatra Gst"" <yatra.gst@yatra.com>",BPCL.GST@yatra.com,Your GST Invoice I070000019185481 for 27AAACB2902M1ZT | DELHI | 19-MAY-24.,2024-05-20 03:10:23 IST,1,1
"""'GST Revenue Accounting' via Yatra Gst"" <yatra.gst@yatra.com>",BPCL.GST@yatra.com,Your GST Invoice I070000019185476 for 27AAACB2902M1ZT | DELHI | 19-MAY-24.,2024-05-20 03:10:13 IST,1,1
"""'GST Revenue Accounting' via Yatra Gst"" <yatra.gst@yatra.com>",YATRA.GST@yatra.com,Your GST Invoice I070000019179864 for 07AAGCS0920E1ZR | DELHI | 18-MAY-24.,2024-05-20 02:02:44 IST,1,1
"""'GST Revenue Accounting' via Techmahindra Gst"" <techmahindra.gst@yatra.com>",TECHMAHINDRA.GST@yatra.com,Your GST Invoice I070000019178523 for 09AAACM3484F1ZG | DELHI | 18-MAY-24.,2024-05-20 01:48:48 IST,1,1
"""'GST Revenue Accounting' via Yatra Gst"" <yatra.gst@yatra.com>",YATRA.GST@yatra.com,Your GST Invoice I070000019178521 for 07AAGCS0920E1ZR | DELHI | 18-MAY-24.,2024-05-20 01:48:41 IST,1,1
"""'GST Revenue Accounting' via Yatra Gst"" <yatra.gst@yatra.com>",YATRA.GST@yatra.com,Your GST Invoice I070000019178520 for 07AAGCS0920E1ZR | DELHI | 18-MAY-24.,2024-05-20 01:48:37 IST,1,1
"""'GST Revenue Accounting' via Yatra Gst"" <yatra.gst@yatra.com>",YATRA.GST@yatra.com,Your GST Invoice I070000019178515 for 37AAACH0351E1Z4 | DELHI | 18-MAY-24.,2024-05-20 01:48:20 IST,1,1
"""'GST Revenue Accounting' via Techmahindra Gst"" <techmahindra.gst@yatra.com>",TECHMAHINDRA.GST@yatra.com,Your GST Invoice I070000019178501 for 36AAACM3484F2ZI | DELHI | 18-MAY-24.,2024-05-20 01:47:47 IST,1,1
"""'GST Revenue Accounting' via Amararaja GST"" <AmararajaGST@yatra.com>",AMARARAJAGST@yatra.com,Your GST Invoice I070000019178499 for 37AADCM5441K1ZA | DELHI | 18-MAY-24.,2024-05-20 01:47:40 IST,1,1
"""'GST Revenue Accounting' via Techmahindra Gst"" <techmahindra.gst@yatra.com>",TECHMAHINDRA.GST@yatra.com,Your GST Invoice I070000019178497 for 09AAACM3484F2ZF | DELHI | 18-MAY-24.,2024-05-20 01:47:33 IST,1,1
"""'GST Revenue Accounting' via Yatra Gst"" <yatra.gst@yatra.com>",YATRA.GST@yatra.com,Your GST Invoice I070000019178493 for 06AAACH2364M3ZH | DELHI | 18-MAY-24.,2024-05-20 01:47:19 IST,1,1
"""'GST Revenue Accounting' via Techmahindra Gst"" <techmahindra.gst@yatra.com>",TECHMAHINDRA.GST@yatra.com,Your GST Invoice I070000019178490 for 36AAICM5632K1Z6 | DELHI | 18-MAY-24.,2024-05-20 01:47:09 IST,1,1
"""'GST Revenue Accounting' via Yatra Gst"" <yatra.gst@yatra.com>",YATRA.GST@yatra.com,Your GST Invoice I070000019178489 for 06AAACH2364M3ZH | DELHI | 18-MAY-24.,2024-05-20 01:47:06 IST,1,1
"""'GST Revenue Accounting' via Yatra Gst"" <yatra.gst@yatra.com>",YATRA.GST@yatra.com,Your GST Invoice I070000019178487 for 07AAFCG2966D1ZO | DELHI | 18-MAY-24.,2024-05-20 01:46:59 IST,1,1
"""'GST Revenue Accounting' via Techmahindra Gst"" <techmahindra.gst@yatra.com>",TECHMAHINDRA.GST@yatra.com,Your GST Invoice I070000019178483 for 36AAICM5632K1Z6 | DELHI | 18-MAY-24.,2024-05-20 01:46:55 IST,1,1
"""'GST Revenue Accounting' via Yatra Gst"" <yatra.gst@yatra.com>",YATRA.GST@yatra.com,Your GST Invoice I070000019178291 for 36AADCM3491M1Z2 | DELHI | 18-MAY-24.,2024-05-20 01:43:07 IST,1,1
"""'GST Revenue Accounting' via Yatra Gst"" <yatra.gst@yatra.com>",YATRA.GST@yatra.com,Your GST Invoice I070000019178290 for 36AADCM3491M1Z2 | DELHI | 18-MAY-24.,2024-05-20 01:43:04 IST,1,1
"""'GST Revenue Accounting' via Yatra Gst"" <yatra.gst@yatra.com>",YATRA.GST@yatra.com,Your GST Invoice I070000019178289 for 36AADCM3491M1Z2 | DELHI | 18-MAY-24.,2024-05-20 01:43:01 IST,1,1
"""'GST Revenue Accounting' via Yatra Gst"" <yatra.gst@yatra.com>",YATRA.GST@yatra.com,Your GST Invoice I070000019178288 for 36AADCM3491M1Z2 | DELHI | 18-MAY-24.,2024-05-20 01:42:57 IST,1,1
"""'GST Revenue Accounting' via Yatra Gst"" <yatra.gst@yatra.com>",YATRA.GST@yatra.com,Your GST Invoice I070000019176745 for 27AADCH7426B1ZU | DELHI | 18-MAY-24.,2024-05-20 01:21:35 IST,1,1
"""'GST Revenue Accounting' via JubilantGST"" <JubilantGST@yatra.com>",JUBILANTGST@yatra.com,Your GST Invoice I070000019176736 for 06AADCC4657M2ZC | DELHI | 18-MAY-24.,2024-05-20 01:21:03 IST,1,1
"""'GST Revenue Accounting' via Yatra Gst"" <yatra.gst@yatra.com>",YATRA.GST@yatra.com,Your GST Invoice I070000019176735 for 06AAACH2364M3ZH | DELHI | 18-MAY-24.,2024-05-20 01:21:00 IST,1,1
"""'GST Revenue Accounting' via Techmahindra Gst"" <techmahindra.gst@yatra.com>",TECHMAHINDRA.GST@yatra.com,Your GST Invoice I070000019176732 for 24AAACM3484F1ZO | DELHI | 18-MAY-24.,2024-05-20 01:20:49 IST,1,1
"""'GST Revenue Accounting' via Techmahindra Gst"" <techmahindra.gst@yatra.com>",TECHMAHINDRA.GST@yatra.com,Your GST Invoice I070000019176730 for 09AAACM3484F1ZG | DELHI | 18-MAY-24.,2024-05-20 01:20:43 IST,1,1
"""'GST Revenue Accounting' via JubilantGST"" <JubilantGST@yatra.com>",JUBILANTGST@yatra.com,Your GST Invoice I070000019176723 for 09AABCV0200H1ZU | DELHI | 18-MAY-24.,2024-05-20 01:20:19 IST,1,1
"""'GST Revenue Accounting' via Yatra Gst"" <yatra.gst@yatra.com>",YATRA.GST@yatra.com,Your GST Invoice I070000019176719 for 27AAACH0351E1Z5 | DELHI | 18-MAY-24.,2024-05-20 01:20:12 IST,1,1
"""'GST Revenue Accounting' via Yatra Gst"" <yatra.gst@yatra.com>",YATRA.GST@yatra.com,Your GST Invoice I070000019176718 for 06AAACH2364M3ZH | DELHI | 18-MAY-24.,2024-05-20 01:20:08 IST,1,1
"""'GST Revenue Accounting' via Yatra Gst"" <yatra.gst@yatra.com>",YATRA.GST@yatra.com,Your GST Invoice I070000019176717 for 06AAACH2364M3ZH | DELHI | 18-MAY-24.,2024-05-20 01:20:05 IST,1,1
"""'GST Revenue Accounting' via Yatra Gst"" <yatra.gst@yatra.com>",BPCL.GST@yatra.com,Your GST Invoice I070000019175361 for 27AAACB2902M1ZT | DELHI | 18-MAY-24.,2024-05-20 00:48:45 IST,1,1
"""'GST Revenue Accounting' via Yatra Gst"" <yatra.gst@yatra.com>",TRAVELADMIN@renewpower.in,Your GST Invoice I070000019174855 for 06AAFCR1111D1Z4 | DELHI | 18-MAY-24.,2024-05-20 00:40:21 IST,1,1
"""'GST Revenue Accounting' via Yatra Gst"" <yatra.gst@yatra.com>",YATRA.GST@yatra.com,Your GST Invoice I070000019174348 for 29AACCO4289J1ZW | DELHI | 18-MAY-24.,2024-05-20 00:26:47 IST,1,1
"""'GST Revenue Accounting' via Yatra Gst"" <yatra.gst@yatra.com>",BPCL.GST@yatra.com,Your GST Invoice I070000019174341 for 09AAACB2902M1ZR | DELHI | 18-MAY-24.,2024-05-20 00:26:23 IST,1,1
"""'GST Revenue Accounting' via Yatra Gst"" <yatra.gst@yatra.com>",BPCL.GST@yatra.com,Your GST Invoice I070000019174330 for 09AAACB2902M1ZR | DELHI | 18-MAY-24.,2024-05-20 00:25:45 IST,1,1
"""'GST Revenue Accounting' via Yatra Gst"" <yatra.gst@yatra.com>",TRAVELADMIN@renewpower.in,Your GST Invoice I070000019173780 for 06AAFCR1111D1Z4 | DELHI | 18-MAY-24.,2024-05-20 00:09:55 IST,1,1
"""'GST Revenue Accounting' via Yatra Gst"" <yatra.gst@yatra.com>",YATRA.GST@yatra.com,Your GST Invoice I070000019173782 for 09AAACZ0243R1ZV | DELHI | 18-MAY-24.,2024-05-20 00:10:02 IST,1,1
Yatra For Business <corporatetravel@yatra.com>,"corp-services@yatra.com, rahul.poonia@yatra.com, bpcl.gst@yatra.com, balwant.chauhan@yatra.com, malkeet.pannu@yatra.com",[REPORT] | 1637184099 | BPCL | Reverse Feed | 20 May`24 | BatchId: 42939,,1,1
Yatra For Business <corporatetravel@yatra.com>,"corp-services@yatra.com, rahul.poonia@yatra.com, bpcl.gst@yatra.com, balwant.chauhan@yatra.com, malkeet.pannu@yatra.com",[ALERT] | 2070601642 | BPCL | Reverse Feed  | 20 May`24 | BatchId: 84058,,0,0
"""'GST Revenue Accounting' via Yatra Gst"" <yatra.gst@yatra.com>",YATRA.GST@yatra.com,Your GST Invoice I070000019172560 for 29AADCO3578R1ZH | DELHI | 18-MAY-24.,2024-05-19 23:38:23 IST,1,1
"""'GST Revenue Accounting' via Yatra Gst"" <yatra.gst@yatra.com>",BPCL.GST@yatra.com,Your GST Invoice I070000019172556 for 09AAACB2902M1ZR | DELHI | 18-MAY-24.,2024-05-19 23:38:09 IST,1,1
"""'GST Revenue Accounting' via Yatra Gst"" <yatra.gst@yatra.com>",BPCL.GST@yatra.com,Your GST Invoice I070000019171645 for 09AAACB2902M1ZR | DELHI | 18-MAY-24.,2024-05-19 23:21:07 IST,1,1
"""'GST Revenue Accounting' via Yatra Gst"" <yatra.gst@yatra.com>",BPCL.GST@yatra.com,Your GST Invoice I070000019171643 for 09AAACB2902M1ZR | DELHI | 18-MAY-24.,2024-05-19 23:21:01 IST,1,1
"""'GST Revenue Accounting' via Yatra Gst"" <yatra.gst@yatra.com>",BPCL.GST@yatra.com,Your GST Invoice I070000019171640 for 09AAACB2902M1ZR | DELHI | 18-MAY-24.,2024-05-19 23:20:50 IST,1,1
"""'GST Revenue Accounting' via Yatra Gst"" <yatra.gst@yatra.com>",YATRA.GST@yatra.com,Your GST Invoice I070000019171639 for 27AAACZ0243R1ZX | DELHI | 18-MAY-24.,2024-05-19 23:20:46 IST,1,1
"""'GST Revenue Accounting' via Techmahindra Gst"" <techmahindra.gst@yatra.com>",TECHMAHINDRA.GST@yatra.com,Your GST Invoice I070000019163116 for 27AAACM3484F2ZH | DELHI | 17-MAY-24.,2024-05-19 21:51:01 IST,1,1
"""'GST Revenue Accounting' via Yatra Gst"" <yatra.gst@yatra.com>",YATRA.GST@yatra.com,Your GST Invoice I070000019163112 for 07AABCH3165P2Z8 | DELHI | 17-MAY-24.,2024-05-19 21:50:57 IST,1,1
"""'GST Revenue Accounting' via Yatra Gst"" <yatra.gst@yatra.com>",YATRA.GST@yatra.com,Your GST Invoice I070000019163110 for 09AAACH0351E1Z3 | DELHI | 17-MAY-24.,2024-05-19 21:50:50 IST,1,1
"""'GST Revenue Accounting' via Yatra Gst"" <yatra.gst@yatra.com>",YATRA.GST@yatra.com,Your GST Invoice I070000019163109 for 07AAGCS0920E1ZR | DELHI | 17-MAY-24.,2024-05-19 21:50:47 IST,1,1
"""'GST Revenue Accounting' via Yatra Gst"" <yatra.gst@yatra.com>",YATRA.GST@yatra.com,Your GST Invoice I070000019163096 for 09AAACH0351E2Z2 | DELHI | 17-MAY-24.,2024-05-19 21:50:09 IST,1,1
"""'GST Revenue Accounting' via JubilantGST"" <JubilantGST@yatra.com>",JUBILANTGST@yatra.com,Your GST Invoice I070000019163091 for 09AABCV0200H1ZU | DELHI | 17-MAY-24.,2024-05-19 21:49:52 IST,1,1
"""'GST Revenue Accounting' via Yatra Gst"" <yatra.gst@yatra.com>",YATRA.GST@yatra.com,Your GST Invoice I070000019163090 for 07AAGCS0920E1ZR | DELHI | 17-MAY-24.,2024-05-19 21:49:49 IST,1,1
"""'GST Revenue Accounting' via Yatra Gst"" <yatra.gst@yatra.com>",YATRA.GST@yatra.com,Your GST Invoice I070000019163089 for 27AABCH3165P1Z7 | DELHI | 17-MAY-24.,2024-05-19 21:49:45 IST,1,1
"""'GST Revenue Accounting' via Techmahindra Gst"" <techmahindra.gst@yatra.com>",TECHMAHINDRA.GST@yatra.com,Your GST Invoice I070000019163087 for 36AAICM5632K1Z6 | DELHI | 17-MAY-24.,2024-05-19 21:49:38 IST,1,1
"""'GST Revenue Accounting' via Yatra Gst"" <yatra.gst@yatra.com>",YATRA.GST@yatra.com,Your GST Invoice I070000019163081 for 02AAACH0351E2ZG | DELHI | 17-MAY-24.,2024-05-19 21:49:35 IST,1,1
"""'GST Revenue Accounting' via Yatra Gst"" <yatra.gst@yatra.com>",YATRA.GST@yatra.com,Your GST Invoice I070000019161631 for 09AAACH0351E2Z2 | DELHI | 17-MAY-24.,2024-05-19 21:26:00 IST,1,1
"""'GST Revenue Accounting' via Yatra Gst"" <yatra.gst@yatra.com>",YATRA.GST@yatra.com,Your GST Invoice I070000019161629 for 09AAACH0351E2Z2 | DELHI | 17-MAY-24.,2024-05-19 21:25:53 IST,1,1
"""'GST Revenue Accounting' via Yatra Gst"" <yatra.gst@yatra.com>",YATRA.GST@yatra.com,Your GST Invoice I070000019161626 for 09AAACH0351E2Z2 | DELHI | 17-MAY-24.,2024-05-19 21:25:42 IST,1,1
"""'GST Revenue Accounting' via Amararaja GST"" <AmararajaGST@yatra.com>",AMARARAJAGST@yatra.com,Your GST Invoice I070000019161131 for 36AABCA9264E1ZQ | DELHI | 17-MAY-24.,2024-05-19 21:07:56 IST,1,1
"""'GST Revenue Accounting' via Yatra Gst"" <yatra.gst@yatra.com>",BPCL.GST@yatra.com,Your GST Invoice I070000019160239 for 27AAACB2902M1ZT | DELHI | 17-MAY-24.,2024-05-19 20:56:30 IST,1,1
"""'GST Revenue Accounting' via Yatra Gst"" <yatra.gst@yatra.com>",BPCL.GST@yatra.com,Your GST Invoice I070000019160226 for 09AAACB2902M1ZR | DELHI | 17-MAY-24.,2024-05-19 20:55:41 IST,1,1
"""'GST Revenue Accounting' via Yatra Gst"" <yatra.gst@yatra.com>",YATRA.GST@yatra.com,Your GST Invoice I070000019159761 for 06AAACZ0243R1Z1 | DELHI | 17-MAY-24.,2024-05-19 20:43:29 IST,1,1
"""'GST Revenue Accounting' via Yatra Gst"" <yatra.gst@yatra.com>",BPCL.GST@yatra.com,Your GST Invoice I070000019159084 for 27AAACB2902M1ZT | DELHI | 17-MAY-24.,2024-05-19 20:26:08 IST,1,1
"""'GST Revenue Accounting' via Yatra Gst"" <yatra.gst@yatra.com>",BPCL.GST@yatra.com,Your GST Invoice I070000019159078 for 27AAACB2902M1ZT | DELHI | 17-MAY-24.,2024-05-19 20:25:52 IST,1,1
"""'GST Revenue Accounting' via Yatra Gst"" <yatra.gst@yatra.com>",YATRA.GST@yatra.com,Your GST Invoice I070000019159064 for 20AAACH2364M1ZT | DELHI | 17-MAY-24.,2024-05-19 20:25:08 IST,1,1
"""'GST Revenue Accounting' via Yatra Gst"" <yatra.gst@yatra.com>",YATRA.GST@yatra.com,Your GST Invoice I070000019158423 for 09AAACZ0243R1ZV | DELHI | 17-MAY-24.,2024-05-19 20:11:52 IST,1,1
"""'GST Revenue Accounting' via Yatra Gst"" <yatra.gst@yatra.com>",BPCL.GST@yatra.com,Your GST Invoice I070000019157676 for 27AAACB2902M1ZT | DELHI | 17-MAY-24.,2024-05-19 19:49:23 IST,1,1
"""'GST Revenue Accounting' via Yatra Gst"" <yatra.gst@yatra.com>",YATRA.GST@yatra.com,Your GST Invoice I070000019156900 for 33AAACW1336L1ZF | DELHI | 17-MAY-24.,2024-05-19 19:31:06 IST,1,1
"""'GST Revenue Accounting' via Yatra Gst"" <yatra.gst@yatra.com>",BPCL.GST@yatra.com,Your GST Invoice I070000019156899 for 09AAACB2902M1ZR | DELHI | 17-MAY-24.,2024-05-19 19:31:03 IST,1,1
"""'GST Revenue Accounting' via Yatra Gst"" <yatra.gst@yatra.com>",BPCL.GST@yatra.com,Your GST Invoice I030000002111347 for 27AAACB2902M1ZT | PUNJAB | 19-MAY-24.,2024-05-19 18:03:37 IST,1,1
"""'GST Revenue Accounting' via Yatra Gst"" <yatra.gst@yatra.com>",BPCL.GST@yatra.com,Your GST Invoice I030000002109096 for 09AAACB2902M1ZR | PUNJAB | 18-MAY-24.,2024-05-19 17:31:41 IST,1,1
"""'GST Revenue Accounting' via Yatra Gst"" <yatra.gst@yatra.com>",BPCL.GST@yatra.com,Your GST Invoice I030000002109095 for 09AAACB2902M1ZR | PUNJAB | 18-MAY-24.,2024-05-19 17:31:38 IST,1,1
"""'GST Revenue Accounting' via Yatra Gst"" <yatra.gst@yatra.com>",BPCL.GST@yatra.com,Your GST Invoice I030000002109094 for 09AAACB2902M1ZR | PUNJAB | 18-MAY-24.,2024-05-19 17:31:34 IST,1,1
Dilshad Abdulmajeed <Dilshad_AbdulMajeed@singaporeair.com.sg>,"""TECHMAHINDRA.GST@YATRA.COM"" <TECHMAHINDRA.GST@yatra.com>",Singapore Airlines Limited | GST - Tax Invoice - APRIL 2024 |6186698408135_03573,2024-05-19 17:29:31 IST,1,1
Dilshad Abdulmajeed <Dilshad_AbdulMajeed@singaporeair.com.sg>,"""TECHMAHINDRA.GST@YATRA.COM"" <TECHMAHINDRA.GST@yatra.com>",Singapore Airlines Limited | GST - Tax Invoice - APRIL 2024 |6186698161478_10111,2024-05-19 17:29:28 IST,1,1
Dilshad Abdulmajeed <Dilshad_AbdulMajeed@singaporeair.com.sg>,"""TECHMAHINDRA.GST@YATRA.COM"" <TECHMAHINDRA.GST@yatra.com>",Singapore Airlines Limited | GST - Tax Invoice - APRIL 2024 |6186697912478_05109,2024-05-19 17:29:27 IST,1,1
Dilshad Abdulmajeed <Dilshad_AbdulMajeed@singaporeair.com.sg>,"""TECHMAHINDRA.GST@YATRA.COM"" <TECHMAHINDRA.GST@yatra.com>",Singapore Airlines Limited | GST - Tax Invoice - APRIL 2024 |6186697785303_03711,2024-05-19 17:29:25 IST,1,1
Dilshad Abdulmajeed <Dilshad_AbdulMajeed@singaporeair.com.sg>,"""TECHMAHINDRA.GST@YATRA.COM"" <TECHMAHINDRA.GST@yatra.com>",Singapore Airlines Limited | GST - Tax Invoice - APRIL 2024 |6186697435547_00605,2024-05-19 17:29:22 IST,1,1
Dilshad Abdulmajeed <Dilshad_AbdulMajeed@singaporeair.com.sg>,"""TECHMAHINDRA.GST@YATRA.COM"" <TECHMAHINDRA.GST@yatra.com>",Singapore Airlines Limited | GST - Tax Invoice - APRIL 2024 |6186697497889_01283,2024-05-19 17:29:19 IST,1,1
Dilshad Abdulmajeed <Dilshad_AbdulMajeed@singaporeair.com.sg>,"""YATRA.GST@YATRA.COM"" <YATRA.GST@yatra.com>",Singapore Airlines Limited | GST - Tax Invoice - APRIL 2024 |6186698449870_03939,2024-05-19 16:37:27 IST,1,1
Dilshad Abdulmajeed <Dilshad_AbdulMajeed@singaporeair.com.sg>,"""YATRA.GST@YATRA.COM"" <YATRA.GST@yatra.com>",Singapore Airlines Limited | GST - Tax Invoice - APRIL 2024 |6186698449865_03935,2024-05-19 16:37:23 IST,1,1
Dilshad Abdulmajeed <Dilshad_AbdulMajeed@singaporeair.com.sg>,"""YATRA.GST@YATRA.COM"" <YATRA.GST@yatra.com>",Singapore Airlines Limited | GST - Tax Invoice - APRIL 2024 |6186698450017_05098,2024-05-19 16:37:20 IST,1,1
Dilshad Abdulmajeed <Dilshad_AbdulMajeed@singaporeair.com.sg>,"""YATRA.GST@YATRA.COM"" <YATRA.GST@yatra.com>",Singapore Airlines Limited | GST - Tax Invoice - APRIL 2024 |6183070679381_05088,2024-05-19 16:37:16 IST,1,1
Dilshad Abdulmajeed <Dilshad_AbdulMajeed@singaporeair.com.sg>,"""YATRA.GST@YATRA.COM"" <YATRA.GST@yatra.com>",Singapore Airlines Limited | GST - Tax Invoice - APRIL 2024 |6186698381064_08250,2024-05-19 16:37:13 IST,1,1
Dilshad Abdulmajeed <Dilshad_AbdulMajeed@singaporeair.com.sg>,"""YATRA.GST@YATRA.COM"" <YATRA.GST@yatra.com>",Singapore Airlines Limited | GST - Tax Invoice - APRIL 2024 |6186698381066_08217,2024-05-19 16:37:10 IST,1,1
Dilshad Abdulmajeed <Dilshad_AbdulMajeed@singaporeair.com.sg>,"""YATRA.GST@YATRA.COM"" <YATRA.GST@yatra.com>",Singapore Airlines Limited | GST - Tax Invoice - APRIL 2024 |6186698100869_02859,2024-05-19 16:37:06 IST,1,1
Dilshad Abdulmajeed <Dilshad_AbdulMajeed@singaporeair.com.sg>,"""YATRA.GST@YATRA.COM"" <YATRA.GST@yatra.com>",Singapore Airlines Limited | GST - Tax Invoice - APRIL 2024 |6183070679360_03462,2024-05-19 16:37:03 IST,1,1
Dilshad Abdulmajeed <Dilshad_AbdulMajeed@singaporeair.com.sg>,"""YATRA.GST@YATRA.COM"" <YATRA.GST@yatra.com>",Singapore Airlines Limited | GST - Tax Invoice - APRIL 2024 |6186698100897_03003,2024-05-19 16:37:00 IST,1,1
Dilshad Abdulmajeed <Dilshad_AbdulMajeed@singaporeair.com.sg>,"""YATRA.GST@YATRA.COM"" <YATRA.GST@yatra.com>",Singapore Airlines Limited | GST - Tax Invoice - APRIL 2024 |6183072421823_07585,2024-05-19 16:36:56 IST,1,1
Dilshad Abdulmajeed <Dilshad_AbdulMajeed@singaporeair.com.sg>,"""YATRA.GST@YATRA.COM"" <YATRA.GST@yatra.com>",Singapore Airlines Limited | GST - Tax Invoice - APRIL 2024 |6183072390829_07584,2024-05-19 16:36:54 IST,1,1
Dilshad Abdulmajeed <Dilshad_AbdulMajeed@singaporeair.com.sg>,"""YATRA.GST@YATRA.COM"" <YATRA.GST@yatra.com>",Singapore Airlines Limited | GST - Tax Invoice - APRIL 2024 |6183072544394_06981,2024-05-19 16:36:49 IST,1,1
Dilshad Abdulmajeed <Dilshad_AbdulMajeed@singaporeair.com.sg>,"""YATRA.GST@YATRA.COM"" <YATRA.GST@yatra.com>",Singapore Airlines Limited | GST - Tax Invoice - APRIL 2024 |6186697595248_01204,2024-05-19 16:36:46 IST,1,1
Dilshad Abdulmajeed <Dilshad_AbdulMajeed@singaporeair.com.sg>,"""YATRA.GST@YATRA.COM"" <YATRA.GST@yatra.com>",Singapore Airlines Limited | GST - Tax Invoice - APRIL 2024 |6186697501469_01552,2024-05-19 16:36:43 IST,1,1
Dilshad Abdulmajeed <Dilshad_AbdulMajeed@singaporeair.com.sg>,"""YATRA.GST@YATRA.COM"" <YATRA.GST@yatra.com>",Singapore Airlines Limited | GST - Tax Invoice - APRIL 2024 |6186697501470_01525,2024-05-19 16:36:40 IST,1,1
Dilshad Abdulmajeed <Dilshad_AbdulMajeed@singaporeair.com.sg>,"""YATRA.GST@YATRA.COM"" <YATRA.GST@yatra.com>",Singapore Airlines Limited | GST - Tax Invoice - APRIL 2024 |6186697501471_01513,2024-05-19 16:36:37 IST,1,1
Dilshad Abdulmajeed <Dilshad_AbdulMajeed@singaporeair.com.sg>,"""YATRA.GST@YATRA.COM"" <YATRA.GST@yatra.com>",Singapore Airlines Limited | GST - Tax Invoice - APRIL 2024 |6183070679344_02501,2024-05-19 16:36:34 IST,1,1
Dilshad Abdulmajeed <Dilshad_AbdulMajeed@singaporeair.com.sg>,"""YATRA.GST@YATRA.COM"" <YATRA.GST@yatra.com>",Singapore Airlines Limited | GST - Tax Invoice - APRIL 2024 |6183070679324_01610,2024-05-19 16:36:30 IST,1,1
Dilshad Abdulmajeed <Dilshad_AbdulMajeed@singaporeair.com.sg>,"""YATRA.GST@YATRA.COM"" <YATRA.GST@yatra.com>",Singapore Airlines Limited | GST - Tax Invoice - APRIL 2024 |6183070679320_01288,2024-05-19 16:36:27 IST,1,1
Dilshad Abdulmajeed <Dilshad_AbdulMajeed@singaporeair.com.sg>,"""YATRA.GST@YATRA.COM"" <YATRA.GST@yatra.com>",Singapore Airlines Limited | GST - Tax Invoice - APRIL 2024 |6186697595190_01234,2024-05-19 16:36:23 IST,1,1
Dilshad Abdulmajeed <Dilshad_AbdulMajeed@singaporeair.com.sg>,"""YATRA.GST@YATRA.COM"" <YATRA.GST@yatra.com>",Singapore Airlines Limited | GST - Tax Invoice - APRIL 2024 |6186697435496_01265,2024-05-19 16:36:19 IST,1,1
Dilshad Abdulmajeed <Dilshad_AbdulMajeed@singaporeair.com.sg>,"""YATRA.GST@YATRA.COM"" <YATRA.GST@yatra.com>",Singapore Airlines Limited | GST - Tax Invoice - APRIL 2024 |6186697435356_00453,2024-05-19 16:36:16 IST,1,1
Akasa Air <updates@travel-akasaair.in>,yatra.gst@yatra.com,Tax Invoice 271J3485F0524001 - SNV Aviation Pvt. Ltd. (Akasa Air),,1,1
Akasa Air <updates@travel-akasaair.in>,yatra.gst@yatra.com,Tax Invoice 361R3988V0524001 - SNV Aviation Pvt. Ltd. (Akasa Air),,1,1
Akasa Air <updates@travel-akasaair.in>,yatra.gst@yatra.com,Tax Invoice 291I44QXF0524001 - SNV Aviation Pvt. Ltd. (Akasa Air),,1,1
Akasa Air <updates@travel-akasaair.in>,bpcl.gst@yatra.com,Tax Invoice 271HB49XN0524001 - SNV Aviation Pvt. Ltd. (Akasa Air),,1,1
Akasa Air <updates@travel-akasaair.in>,bpcl.gst@yatra.com,Tax Invoice 271C8RUJD0524001 - SNV Aviation Pvt. Ltd. (Akasa Air),,1,1
Akasa Air <updates@travel-akasaair.in>,bpcl.gst@yatra.com,Tax Invoice 301C6IQSZ0524001 - SNV Aviation Pvt. Ltd. (Akasa Air),,1,1
Akasa Air <updates@travel-akasaair.in>,yatra.gst@yatra.com,Tax Invoice 291H9VJ2N0524001 - SNV Aviation Pvt. Ltd. (Akasa Air),,1,1
Akasa Air <updates@travel-akasaair.in>,bpcl.gst@yatra.com,Tax Invoice 301P53W8P0524001 - SNV Aviation Pvt. Ltd. (Akasa Air),,1,1
Akasa Air <updates@travel-akasaair.in>,yatra.gst@yatra.com,Tax Invoice 241ZBMDRA0524001 - SNV Aviation Pvt. Ltd. (Akasa Air),,1,1
Akasa Air <updates@travel-akasaair.in>,traveladmin@renewpower.in,Tax Invoice 291XZFYTE0524001 - SNV Aviation Pvt. Ltd. (Akasa Air),,1,1
Akasa Air <updates@travel-akasaair.in>,techmahindra.gst@yatra.com,Tax Invoice 291P86C8G0524001 - SNV Aviation Pvt. Ltd. (Akasa Air),,1,1
Akasa Air <updates@travel-akasaair.in>,yatra.gst@yatra.com,Tax Invoice 241TDVHXH0524001 - SNV Aviation Pvt. Ltd. (Akasa Air),,1,1
Akasa Air <updates@travel-akasaair.in>,traveladmin@renewpower.in,Tax Invoice 071FYJ4KN0524001 - SNV Aviation Pvt. Ltd. (Akasa Air),,1,1
Akasa Air <updates@travel-akasaair.in>,yatra.gst@yatra.com,Tax Invoice 291Z7IKPM0524001 - SNV Aviation Pvt. Ltd. (Akasa Air),,1,1
Akasa Air <updates@travel-akasaair.in>,techmahindra.gst@yatra.com,Tax Invoice 271I6HH4J0524001 - SNV Aviation Pvt. Ltd. (Akasa Air),,1,1
Akasa Air <updates@travel-akasaair.in>,bpcl.gst@yatra.com,Tax Invoice 301H241JY0524001 - SNV Aviation Pvt. Ltd. (Akasa Air),,1,1
Akasa Air <updates@travel-akasaair.in>,yatra.gst@yatra.com,Tax Invoice 291U9Q4QT0524001 - SNV Aviation Pvt. Ltd. (Akasa Air),,1,1
Akasa Air <updates@travel-akasaair.in>,traveladmin@renewpower.in,Tax Invoice 071V8HI6G0524001 - SNV Aviation Pvt. Ltd. (Akasa Air),,1,1
Akasa Air <updates@travel-akasaair.in>,yatra.gst@yatra.com,Tax Invoice 291R9W5WT0524001 - SNV Aviation Pvt. Ltd. (Akasa Air),,1,1
Akasa Air <updates@travel-akasaair.in>,yatra.gst@yatra.com,Tax Invoice 291F2973V0524001 - SNV Aviation Pvt. Ltd. (Akasa Air),,1,1
Akasa Air <updates@travel-akasaair.in>,yatra.gst@yatra.com,Tax Invoice 291V5FEVS0524001 - SNV Aviation Pvt. Ltd. (Akasa Air),,1,1
Akasa Air <updates@travel-akasaair.in>,yatra.gst@yatra.com,Tax Invoice 071U754MM0524001 - SNV Aviation Pvt. Ltd. (Akasa Air),,1,1
Akasa Air <updates@travel-akasaair.in>,amararajagst@yatra.com,Tax Invoice 291O2SGSY0524001 - SNV Aviation Pvt. Ltd. (Akasa Air),,1,1
Akasa Air <updates@travel-akasaair.in>,bpcl.gst@yatra.com,Tax Invoice 301J93M2Q0524001 - SNV Aviation Pvt. Ltd. (Akasa Air),,1,1
Akasa Air <updates@travel-akasaair.in>,bpcl.gst@yatra.com,Tax Invoice 301O87PMW0524001 - SNV Aviation Pvt. Ltd. (Akasa Air),,1,1
Akasa Air <updates@travel-akasaair.in>,yatra.gst@yatra.com,Tax Invoice 291HY3VXQ0524001 - SNV Aviation Pvt. Ltd. (Akasa Air),,1,1
Akasa Air <updates@travel-akasaair.in>,yatra.gst@yatra.com,Tax Invoice 291PZLHKB0524001 - SNV Aviation Pvt. Ltd. (Akasa Air),,1,1
Akasa Air <updates@travel-akasaair.in>,yatra.gst@yatra.com,Tax Invoice 361XBNYGN0424001 - SNV Aviation Pvt. Ltd. (Akasa Air),,1,1
Akasa Air <updates@travel-akasaair.in>,techmahindra.gst@yatra.com,Tax Invoice 291F8BQUG0524001 - SNV Aviation Pvt. Ltd. (Akasa Air),,1,1
Akasa Air <updates@travel-akasaair.in>,yatra.gst@yatra.com,Tax Invoice 271E8F79D0524001 - SNV Aviation Pvt. Ltd. (Akasa Air),,1,1
Akasa Air <updates@travel-akasaair.in>,yatra.gst@yatra.com,Tax Invoice 241DDF2KE0524001 - SNV Aviation Pvt. Ltd. (Akasa Air),,1,1
Akasa Air <updates@travel-akasaair.in>,yatra.gst@yatra.com,Tax Invoice 271VYIBGQ0524001 - SNV Aviation Pvt. Ltd. (Akasa Air),,1,1
Akasa Air <updates@travel-akasaair.in>,amararajagst@yatra.com,Tax Invoice 291GYH3FN0524001 - SNV Aviation Pvt. Ltd. (Akasa Air),,1,1
Akasa Air <updates@travel-akasaair.in>,yatra.gst@yatra.com,Tax Invoice 091YCQ57X0524001 - SNV Aviation Pvt. Ltd. (Akasa Air),,1,1
Akasa Air <updates@travel-akasaair.in>,bpcl.gst@yatra.com,Tax Invoice 271YZJZTE0524001 - SNV Aviation Pvt. Ltd. (Akasa Air),,1,1
Akasa Air <updates@travel-akasaair.in>,sagilityhealthgst@yatra.com,Tax Invoice 291Q3H12F0524001 - SNV Aviation Pvt. Ltd. (Akasa Air),,1,1
Akasa Air <updates@travel-akasaair.in>,yatra.gst@yatra.com,Tax Invoice 271U3GT9V0524001 - SNV Aviation Pvt. Ltd. (Akasa Air),,1,1
Akasa Air <updates@travel-akasaair.in>,yatra.gst@yatra.com,Tax Invoice 241E8YDUG0524001 - SNV Aviation Pvt. Ltd. (Akasa Air),,1,1
Akasa Air <updates@travel-akasaair.in>,bpcl.gst@yatra.com,Tax Invoice 071I6I75J0524001 - SNV Aviation Pvt. Ltd. (Akasa Air),,1,1
Akasa Air <updates@travel-akasaair.in>,techmahindra.gst@yatra.com,Tax Invoice 071TYC45A0524001 - SNV Aviation Pvt. Ltd. (Akasa Air),,1,1
Akasa Air <updates@travel-akasaair.in>,amararajagst@yatra.com,Tax Invoice 271W75V8Z0524001 - SNV Aviation Pvt. Ltd. (Akasa Air),,1,1
Akasa Air <updates@travel-akasaair.in>,yatra.gst@yatra.com,Tax Invoice 071D29R8V0524001 - SNV Aviation Pvt. Ltd. (Akasa Air),,1,1
Akasa Air <updates@travel-akasaair.in>,amararajagst@yatra.com,Tax Invoice 271J6EPNM0524001 - SNV Aviation Pvt. Ltd. (Akasa Air),,1,1
Akasa Air <updates@travel-akasaair.in>,amararajagst@yatra.com,Tax Invoice 271E376TV0524001 - SNV Aviation Pvt. Ltd. (Akasa Air),,1,1
Akasa Air <updates@travel-akasaair.in>,yatra.gst@yatra.com,Tax Invoice 271DC7T2U0524001 - SNV Aviation Pvt. Ltd. (Akasa Air),,1,1
Akasa Air <updates@travel-akasaair.in>,sagilityhealthgst@yatra.com,Tax Invoice 071K54ESC0524001 - SNV Aviation Pvt. Ltd. (Akasa Air),,1,1
Akasa Air <updates@travel-akasaair.in>,sagilityhealthgst@yatra.com,Tax Invoice 071Q53W4P0524001 - SNV Aviation Pvt. Ltd. (Akasa Air),,1,1
Akasa Air <updates@travel-akasaair.in>,yatra.gst@yatra.com,Tax Invoice 271S9IYNT0524001 - SNV Aviation Pvt. Ltd. (Akasa Air),,1,1
Akasa Air <updates@travel-akasaair.in>,bpcl.gst@yatra.com,Tax Invoice 271Z5DGKS0524001 - SNV Aviation Pvt. Ltd. (Akasa Air),,1,1
Akasa Air <updates@travel-akasaair.in>,bpcl.gst@yatra.com,Tax Invoice 091WE4J5E0524001 - SNV Aviation Pvt. Ltd. (Akasa Air),,1,1
Akasa Air <updates@travel-akasaair.in>,amararajagst@yatra.com,Tax Invoice 291LEGWJR0524001 - SNV Aviation Pvt. Ltd. (Akasa Air),,1,1
Akasa Air <updates@travel-akasaair.in>,greenkogst@yatra.com,Tax Invoice 361C9IFRQ0524001 - SNV Aviation Pvt. Ltd. (Akasa Air),,1,1
Akasa Air <updates@travel-akasaair.in>,bpcl.gst@yatra.com,Tax Invoice 071SDUG8E0524001 - SNV Aviation Pvt. Ltd. (Akasa Air),,1,1
Akasa Air <updates@travel-akasaair.in>,amararajagst@yatra.com,Tax Invoice 271F2CFFI0524001 - SNV Aviation Pvt. Ltd. (Akasa Air),,1,1
Akasa Air <updates@travel-akasaair.in>,techmahindra.gst@yatra.com,Tax Invoice 291E48PUS0524001 - SNV Aviation Pvt. Ltd. (Akasa Air),,1,1
Akasa Air <updates@travel-akasaair.in>,yatra.gst@yatra.com,Tax Invoice 071EEZVJR0524001 - SNV Aviation Pvt. Ltd. (Akasa Air),,1,1
Akasa Air <updates@travel-akasaair.in>,yatra.gst@yatra.com,Tax Invoice 071Z8PR4G0524001 - SNV Aviation Pvt. Ltd. (Akasa Air),,1,1
Akasa Air <updates@travel-akasaair.in>,sagilityhealthgst@yatra.com,Tax Invoice 361J59NJP0524001 - SNV Aviation Pvt. Ltd. (Akasa Air),,1,1
Akasa Air <updates@travel-akasaair.in>,bpcl.gst@yatra.com,Tax Invoice 271MDVS5R0524001 - SNV Aviation Pvt. Ltd. (Akasa Air),,1,1
Akasa Air <updates@travel-akasaair.in>,yatra.gst@yatra.com,Tax Invoice 291SD9Y3U0524001 - SNV Aviation Pvt. Ltd. (Akasa Air),,1,1
Akasa Air <updates@travel-akasaair.in>,bpcl.gst@yatra.com,Tax Invoice 271QCNV6H0524001 - SNV Aviation Pvt. Ltd. (Akasa Air),,1,1
Akasa Air <updates@travel-akasaair.in>,techmahindra.gst@yatra.com,Tax Invoice 291H5HS7M0524001 - SNV Aviation Pvt. Ltd. (Akasa Air),,1,1
Akasa Air <updates@travel-akasaair.in>,bpcl.gst@yatra.com,Tax Invoice 301F2C76V0524001 - SNV Aviation Pvt. Ltd. (Akasa Air),,1,1
Akasa Air <updates@travel-akasaair.in>,yatra.gst@yatra.com,Tax Invoice 271O3ICYI0524001 - SNV Aviation Pvt. Ltd. (Akasa Air),,1,1
Akasa Air <updates@travel-akasaair.in>,yatra.gst@yatra.com,Tax Invoice 271W854HJ0524001 - SNV Aviation Pvt. Ltd. (Akasa Air),,1,1
Akasa Air <updates@travel-akasaair.in>,bpcl.gst@yatra.com,Tax Invoice 071Z479FV0524001 - SNV Aviation Pvt. Ltd. (Akasa Air),,1,1
Akasa Air <updates@travel-akasaair.in>,bpcl.gst@yatra.com,Tax Invoice 301MZKZPB0524001 - SNV Aviation Pvt. Ltd. (Akasa Air),,1,1
Akasa Air <updates@travel-akasaair.in>,bpcl.gst@yatra.com,Tax Invoice 301L4DP9C0524001 - SNV Aviation Pvt. Ltd. (Akasa Air),,1,1
Akasa Air <updates@travel-akasaair.in>,yatra.gst@yatra.com,Tax Invoice 271Y3KD4V0524001 - SNV Aviation Pvt. Ltd. (Akasa Air),,1,1
Akasa Air <updates@travel-akasaair.in>,yatra.gst@yatra.com,Tax Invoice 271VEJI7R0524001 - SNV Aviation Pvt. Ltd. (Akasa Air),,1,1
Akasa Air <updates@travel-akasaair.in>,bpcl.gst@yatra.com,Tax Invoice 301VE4JXH0524001 - SNV Aviation Pvt. Ltd. (Akasa Air),,1,1
Akasa Air <updates@travel-akasaair.in>,yatra.gst@yatra.com,Tax Invoice 301D9ZFND0524001 - SNV Aviation Pvt. Ltd. (Akasa Air),,1,1
Akasa Air <updates@travel-akasaair.in>,yatra.gst@yatra.com,Tax Invoice 091R8ICQW0524001 - SNV Aviation Pvt. Ltd. (Akasa Air),,1,1
Akasa Air <updates@travel-akasaair.in>,traveladmin@renewpower.in,Tax Invoice 241G53MKP0524001 - SNV Aviation Pvt. Ltd. (Akasa Air),,1,1
Akasa Air <updates@travel-akasaair.in>,bpcl.gst@yatra.com,Tax Invoice 301Q9676D0524001 - SNV Aviation Pvt. Ltd. (Akasa Air),,1,1
Akasa Air <updates@travel-akasaair.in>,techmahindra.gst@yatra.com,Tax Invoice 291H1MWML0524001 - SNV Aviation Pvt. Ltd. (Akasa Air),,1,1
Akasa Air <updates@travel-akasaair.in>,bpcl.gst@yatra.com,Tax Invoice 091IEIMSR0524001 - SNV Aviation Pvt. Ltd. (Akasa Air),,1,1
Akasa Air <updates@travel-akasaair.in>,greenkogst@yatra.com,Tax Invoice 361ZEYYUH0524001 - SNV Aviation Pvt. Ltd. (Akasa Air),,1,1
Akasa Air <updates@travel-akasaair.in>,yatra.gst@yatra.com,Tax Invoice 291A3E33C0524001 - SNV Aviation Pvt. Ltd. (Akasa Air),,1,1
Akasa Air <updates@travel-akasaair.in>,yatra.gst@yatra.com,Tax Invoice 271QCQN9H0524001 - SNV Aviation Pvt. Ltd. (Akasa Air),,1,1
Akasa Air <updates@travel-akasaair.in>,bpcl.gst@yatra.com,Tax Invoice 271H718FJ0524001 - SNV Aviation Pvt. Ltd. (Akasa Air),,1,1
Akasa Air <updates@travel-akasaair.in>,bpcl.gst@yatra.com,Tax Invoice 271S46HTV0524001 - SNV Aviation Pvt. Ltd. (Akasa Air),,1,1
Akasa Air <updates@travel-akasaair.in>,yatra.gst@yatra.com,Tax Invoice 271MZMITB0524001 - SNV Aviation Pvt. Ltd. (Akasa Air),,1,1
Akasa Air <updates@travel-akasaair.in>,bpcl.gst@yatra.com,Tax Invoice 301G251MY0524001 - SNV Aviation Pvt. Ltd. (Akasa Air),,1,1
Akasa Air <updates@travel-akasaair.in>,traveladmin@renewpower.in,Tax Invoice 241VYDBSD0524001 - SNV Aviation Pvt. Ltd. (Akasa Air),,1,1
Akasa Air <updates@travel-akasaair.in>,techmahindra.gst@yatra.com,Tax Invoice 271X81YSZ0524001 - SNV Aviation Pvt. Ltd. (Akasa Air),,1,1
Akasa Air <updates@travel-akasaair.in>,bpcl.gst@yatra.com,Tax Invoice 271S643QP0524001 - SNV Aviation Pvt. Ltd. (Akasa Air),,1,1
Akasa Air <updates@travel-akasaair.in>,yatra.gst@yatra.com,Tax Invoice 271OZMNNB0524001 - SNV Aviation Pvt. Ltd. (Akasa Air),,1,1
Akasa Air <updates@travel-akasaair.in>,yatra.gst@yatra.com,Tax Invoice 071G58RQP0524001 - SNV Aviation Pvt. Ltd. (Akasa Air),,1,1
Akasa Air <updates@travel-akasaair.in>,yatra.gst@yatra.com,Tax Invoice 301E5S47Z0524001 - SNV Aviation Pvt. Ltd. (Akasa Air),,1,1
Akasa Air <updates@travel-akasaair.in>,techmahindra.gst@yatra.com,Tax Invoice 291QEGCPE0524001 - SNV Aviation Pvt. Ltd. (Akasa Air),,1,1
Akasa Air <updates@travel-akasaair.in>,yatra.gst@yatra.com,Tax Invoice 291S8QUGG0524001 - SNV Aviation Pvt. Ltd. (Akasa Air),,1,1
Akasa Air <updates@travel-akasaair.in>,yatra.gst@yatra.com,Tax Invoice 301Y3MPFI0524001 - SNV Aviation Pvt. Ltd. (Akasa Air),,1,1
Akasa Air <updates@travel-akasaair.in>,yatra.gst@yatra.com,Tax Invoice 071K41LPF0524001 - SNV Aviation Pvt. Ltd. (Akasa Air),,1,1
Akasa Air <updates@travel-akasaair.in>,amararajagst@yatra.com,Tax Invoice 291LCN8RX0524001 - SNV Aviation Pvt. Ltd. (Akasa Air),,1,1
Akasa Air <updates@travel-akasaair.in>,yatra.gst@yatra.com,Tax Invoice 271V4SP3C0524001 - SNV Aviation Pvt. Ltd. (Akasa Air),,1,1
Akasa Air <updates@travel-akasaair.in>,bpcl.gst@yatra.com,Tax Invoice 071LCL8PX0524001 - SNV Aviation Pvt. Ltd. (Akasa Air),,1,1
Akasa Air <updates@travel-akasaair.in>,traveladmin@renewpower.in,Tax Invoice 241U4I9KF0524001 - SNV Aviation Pvt. Ltd. (Akasa Air),,1,1
Akasa Air <updates@travel-akasaair.in>,bpcl.gst@yatra.com,Tax Invoice 181K8ND5D0524001 - SNV Aviation Pvt. Ltd. (Akasa Air),,1,1
Akasa Air <updates@travel-akasaair.in>,yatra.gst@yatra.com,Tax Invoice 291M7W8RJ0524001 - SNV Aviation Pvt. Ltd. (Akasa Air),,1,1
Akasa Air <updates@travel-akasaair.in>,bpcl.gst@yatra.com,Tax Invoice 181J422SF0524001 - SNV Aviation Pvt. Ltd. (Akasa Air),,1,1
Akasa Air <updates@travel-akasaair.in>,bpcl.gst@yatra.com,Tax Invoice 271J9VVPQ0524001 - SNV Aviation Pvt. Ltd. (Akasa Air),,1,1
Akasa Air <updates@travel-akasaair.in>,yatra.gst@yatra.com,Tax Invoice 241F1QUVL0524001 - SNV Aviation Pvt. Ltd. (Akasa Air),,1,1
Akasa Air <updates@travel-akasaair.in>,yatra.gst@yatra.com,Tax Invoice 241Q9L9UT0524001 - SNV Aviation Pvt. Ltd. (Akasa Air),,1,1
Akasa Air <updates@travel-akasaair.in>,bpcl.gst@yatra.com,Tax Invoice 191UYC12A0524001 - SNV Aviation Pvt. Ltd. (Akasa Air),,1,1
Akasa Air <updates@travel-akasaair.in>,yatra.gst@yatra.com,Tax Invoice 271W3VT4F0524001 - SNV Aviation Pvt. Ltd. (Akasa Air),,1,1
Akasa Air <updates@travel-akasaair.in>,bpcl.gst@yatra.com,Tax Invoice 271H3F44S0524001 - SNV Aviation Pvt. Ltd. (Akasa Air),,1,1
Akasa Air <updates@travel-akasaair.in>,traveladmin@renewpower.in,Tax Invoice 241UYFH5A0524001 - SNV Aviation Pvt. Ltd. (Akasa Air),,1,1
Akasa Air <updates@travel-akasaair.in>,yatra.gst@yatra.com,Tax Invoice 271QYPZYQ0524001 - SNV Aviation Pvt. Ltd. (Akasa Air),,1,1
Akasa Air <updates@travel-akasaair.in>,yatra.gst@yatra.com,Tax Invoice 361G8GC5D0524001 - SNV Aviation Pvt. Ltd. (Akasa Air),,1,1
Akasa Air <updates@travel-akasaair.in>,sagilityhealthgst@yatra.com,Tax Invoice 271U6YT3M0524001 - SNV Aviation Pvt. Ltd. (Akasa Air),,1,1
Akasa Air <updates@travel-akasaair.in>,bpcl.gst@yatra.com,Tax Invoice 301J765FJ0524001 - SNV Aviation Pvt. Ltd. (Akasa Air),,1,1
Akasa Air <updates@travel-akasaair.in>,bpcl.gst@yatra.com,Tax Invoice 301P5K1XC0524001 - SNV Aviation Pvt. Ltd. (Akasa Air),,1,1
Akasa Air <updates@travel-akasaair.in>,traveladmin@renewpower.in,Tax Invoice 071J31RTI0524001 - SNV Aviation Pvt. Ltd. (Akasa Air),,1,1
Akasa Air <updates@travel-akasaair.in>,yatra.gst@yatra.com,Tax Invoice 271B7QJMG0524001 - SNV Aviation Pvt. Ltd. (Akasa Air),,1,1
Akasa Air <updates@travel-akasaair.in>,bpcl.gst@yatra.com,Tax Invoice 271X9KT5D0524001 - SNV Aviation Pvt. Ltd. (Akasa Air),,1,1
Akasa Air <updates@travel-akasaair.in>,yatra.gst@yatra.com,Tax Invoice 241GBEH4X0524001 - SNV Aviation Pvt. Ltd. (Akasa Air),,1,1
Akasa Air <updates@travel-akasaair.in>,techmahindra.gst@yatra.com,Tax Invoice 291T8E6YJ0524001 - SNV Aviation Pvt. Ltd. (Akasa Air),,1,1
Akasa Air <updates@travel-akasaair.in>,bpcl.gst@yatra.com,Tax Invoice 071P46HKF0524001 - SNV Aviation Pvt. Ltd. (Akasa Air),,1,1
Akasa Air <updates@travel-akasaair.in>,techmahindra.gst@yatra.com,Tax Invoice 291U2NGRL0524001 - SNV Aviation Pvt. Ltd. (Akasa Air),,1,1
Akasa Air <updates@travel-akasaair.in>,bpcl.gst@yatra.com,Tax Invoice 191I3HF5S0524001 - SNV Aviation Pvt. Ltd. (Akasa Air),,1,1
Akasa Air <updates@travel-akasaair.in>,bpcl.gst@yatra.com,Tax Invoice 271OBUF2X0524001 - SNV Aviation Pvt. Ltd. (Akasa Air),,1,1
Akasa Air <updates@travel-akasaair.in>,yatra.gst@yatra.com,Tax Invoice 291ZY9FVT0524001 - SNV Aviation Pvt. Ltd. (Akasa Air),,1,1
Akasa Air <updates@travel-akasaair.in>,yatra.gst@yatra.com,Tax Invoice 271T9S7UT0524001 - SNV Aviation Pvt. Ltd. (Akasa Air),,1,1
Akasa Air <updates@travel-akasaair.in>,traveladmin@renewpower.in,Tax Invoice 241NEKJJR0524001 - SNV Aviation Pvt. Ltd. (Akasa Air),,1,1
Akasa Air <updates@travel-akasaair.in>,bpcl.gst@yatra.com,Tax Invoice 271H7GK4G0524001 - SNV Aviation Pvt. Ltd. (Akasa Air),,1,1
Akasa Air <updates@travel-akasaair.in>,bpcl.gst@yatra.com,Tax Invoice 271P754YM0524001 - SNV Aviation Pvt. Ltd. (Akasa Air),,1,1
Akasa Air <updates@travel-akasaair.in>,yatra.gst@yatra.com,Tax Invoice 361YY7T5Q0524001 - SNV Aviation Pvt. Ltd. (Akasa Air),,1,1
Akasa Air <updates@travel-akasaair.in>,amararajagst@yatra.com,Tax Invoice 291R4HNPF0524001 - SNV Aviation Pvt. Ltd. (Akasa Air),,1,1
Akasa Air <updates@travel-akasaair.in>,amararajagst@yatra.com,Tax Invoice 271U9QHRT0524001 - SNV Aviation Pvt. Ltd. (Akasa Air),,1,1
Akasa Air <updates@travel-akasaair.in>,amararajagst@yatra.com,Tax Invoice 271U9QHRT0524001 - SNV Aviation Pvt. Ltd. (Akasa Air),,1,1
Akasa Air <updates@travel-akasaair.in>,yatra.gst@yatra.com,Tax Invoice 301F9W7QQ0524001 - SNV Aviation Pvt. Ltd. (Akasa Air),,1,1
Akasa Air <updates@travel-akasaair.in>,yatra.gst@yatra.com,Tax Invoice 291BYYEKN0524001 - SNV Aviation Pvt. Ltd. (Akasa Air),,1,1
Akasa Air <updates@travel-akasaair.in>,yatra.gst@yatra.com,Tax Invoice 291HD4G6E0524001 - SNV Aviation Pvt. Ltd. (Akasa Air),,1,1
Akasa Air <updates@travel-akasaair.in>,yatra.gst@yatra.com,Tax Invoice 191A8S3PD0524001 - SNV Aviation Pvt. Ltd. (Akasa Air),,1,1
Akasa Air <updates@travel-akasaair.in>,bpcl.gst@yatra.com,Tax Invoice 191W31KXL0524001 - SNV Aviation Pvt. Ltd. (Akasa Air),,1,1
Akasa Air <updates@travel-akasaair.in>,yatra.gst@yatra.com,Tax Invoice 271YE9T6E0524001 - SNV Aviation Pvt. Ltd. (Akasa Air),,1,1
Akasa Air <updates@travel-akasaair.in>,yatra.gst@yatra.com,Tax Invoice 291CBB6JK0524001 - SNV Aviation Pvt. Ltd. (Akasa Air),,1,1
Akasa Air <updates@travel-akasaair.in>,bpcl.gst@yatra.com,Tax Invoice 271O7VBUJ0524001 - SNV Aviation Pvt. Ltd. (Akasa Air),,1,1
Akasa Air <updates@travel-akasaair.in>,yatra.gst@yatra.com,Tax Invoice 291D65SSM0524001 - SNV Aviation Pvt. Ltd. (Akasa Air),,1,1
Akasa Air <updates@travel-akasaair.in>,yatra.gst@yatra.com,Tax Invoice 191I3PHMF0524001 - SNV Aviation Pvt. Ltd. (Akasa Air),,1,1
Akasa Air <updates@travel-akasaair.in>,yatra.gst@yatra.com,Tax Invoice 091B8NW7Q0524001 - SNV Aviation Pvt. Ltd. (Akasa Air),,1,1
Akasa Air <updates@travel-akasaair.in>,yatra.gst@yatra.com,Tax Invoice 271FBNBPK0524001 - SNV Aviation Pvt. Ltd. (Akasa Air),,1,1
Akasa Air <updates@travel-akasaair.in>,traveladmin@renewpower.in,Tax Invoice 071G8TCUT0524001 - SNV Aviation Pvt. Ltd. (Akasa Air),,1,1
Akasa Air <updates@travel-akasaair.in>,yatra.gst@yatra.com,Tax Invoice 161MCPGRX0524001 - SNV Aviation Pvt. Ltd. (Akasa Air),,1,1
Akasa Air <updates@travel-akasaair.in>,traveladmin@renewpower.in,Tax Invoice 071GBR8QK0524001 - SNV Aviation Pvt. Ltd. (Akasa Air),,1,1
Akasa Air <updates@travel-akasaair.in>,yatra.gst@yatra.com,Tax Invoice 181C4KNTC0524001 - SNV Aviation Pvt. Ltd. (Akasa Air),,1,1
Akasa Air <updates@travel-akasaair.in>,yatra.gst@yatra.com,Tax Invoice 191P83MXJ0524001 - SNV Aviation Pvt. Ltd. (Akasa Air),,1,1
Akasa Air <updates@travel-akasaair.in>,yatra.gst@yatra.com,Tax Invoice 271E9PY2N0524001 - SNV Aviation Pvt. Ltd. (Akasa Air),,1,1
Akasa Air <updates@travel-akasaair.in>,bpcl.gst@yatra.com,Tax Invoice 271U8BBSJ0524001 - SNV Aviation Pvt. Ltd. (Akasa Air),,1,1
Akasa Air <updates@travel-akasaair.in>,yatra.gst@yatra.com,Tax Invoice 291PF13RR0524001 - SNV Aviation Pvt. Ltd. (Akasa Air),,1,1
Akasa Air <updates@travel-akasaair.in>,yatra.gst@yatra.com,Tax Invoice 161A47KMC0524001 - SNV Aviation Pvt. Ltd. (Akasa Air),,1,1
Akasa Air <updates@travel-akasaair.in>,bpcl.gst@yatra.com,Tax Invoice 271H818VW0524001 - SNV Aviation Pvt. Ltd. (Akasa Air),,1,1
Akasa Air <updates@travel-akasaair.in>,yatra.gst@yatra.com,Tax Invoice 291L866RW0524001 - SNV Aviation Pvt. Ltd. (Akasa Air),,1,1
Akasa Air <updates@travel-akasaair.in>,techmahindra.gst@yatra.com,Tax Invoice 241F1UZYL0524001 - SNV Aviation Pvt. Ltd. (Akasa Air),,1,1
Akasa Air <updates@travel-akasaair.in>,yatra.gst@yatra.com,Tax Invoice 271OYZQ4A0524001 - SNV Aviation Pvt. Ltd. (Akasa Air),,1,1
Akasa Air <updates@travel-akasaair.in>,bpcl.gst@yatra.com,Tax Invoice 301EEBWUR0524001 - SNV Aviation Pvt. Ltd. (Akasa Air),,1,1
Akasa Air <updates@travel-akasaair.in>,bpcl.gst@yatra.com,Tax Invoice 271JZHNUB0524001 - SNV Aviation Pvt. Ltd. (Akasa Air),,1,1
Akasa Air <updates@travel-akasaair.in>,bpcl.gst@yatra.com,Tax Invoice 271EBBJ5X0524001 - SNV Aviation Pvt. Ltd. (Akasa Air),,1,1
Akasa Air <updates@travel-akasaair.in>,bpcl.gst@yatra.com,Tax Invoice 271R8LMUW0524001 - SNV Aviation Pvt. Ltd. (Akasa Air),,1,1
